lastName;firstName
Vanderbeek;Franklin
Roosevelt;David
Harrison;John
Barber;Ahmed
Barber;David
Hendrickson;David
Barber;Jack
Hendrickson;Erik
Johnson;Erik
Hendrickson;Franklin
Hendrickson;Jill
Roosevelt;Rick
Johnson;Rick
Smith;Jack
Harrison;Constance
Vanderbeek;Richard
Roosevelt;John
Roosevelt;Rick
Johnson;David
Roosevelt;David
Barber;Constance
Jackson;Richard
Johnson;Jack
Jackson;Jack
Hendrickson;Rick
Harrison;Ahmed
Johnson;Richard
Roosevelt;Constance
Vanderbeek;Tina
Turner;Richard
Smith;Constance
Barber;Ahmed
Harrison;Constance
Roosevelt;Constance
Roosevelt;Jack
Jackson;David
Hendrickson;Tina
Smith;John
Hendrickson;Mark
Turner;John
Barber;Mark
Johnson;Erik
Barber;Franklin
Roosevelt;Tina
Harrison;David
Barber;Erik
Vanderbeek;Jill
Turner;Rick
Hendrickson;Erik
Hendrickson;Ahmed
Jackson;Mark
Smith;Ahmed
Smith;Rick
Hendrickson;Franklin
Harrison;Constance
Harrison;Tina
Jackson;Rick
Roosevelt;Tina
Smith;Richard
Barber;John
Smith;Jill
Smith;Richard
Hendrickson;John
Johnson;Richard
Vanderbeek;Tina
Roosevelt;Jack
Turner;Tina
Jackson;Tina
Hendrickson;Jill
Smith;Tina
Roosevelt;John
Barber;Tina
Smith;Richard
Smith;Franklin
Harrison;Constance
Turner;David
Turner;Mark
Barber;Jill
Johnson;Constance
Roosevelt;Jack
Barber;Richard
Roosevelt;Erik
Barber;Mark
Smith;Ahmed
Jackson;Richard
Barber;Jack
Barber;Erik
Hendrickson;Rick
Harrison;Mark
Vanderbeek;Jill
Hendrickson;Richard
Hendrickson;Jack
Roosevelt;Franklin
Barber;David
Vanderbeek;Constance
Vanderbeek;Erik
Barber;Jill
Barber;Jack
Barber;Mark
Vanderbeek;Jill
